Name,Type,Output,Plot,Save
,net,/V11,t,t
,net,/V21,t,t
,net,/V31,t,t
,net,/V41,t,t
,net,/V51,t,t
,net,/V61,t,t
,net,/V71,t,t
,net,/V81,t,t
,net,/V91,t,t
,net,/V101,t,t
,net,/V111,t,t
,net,/V121,t,t
,net,/V131,t,t
,net,/V141,t,t
,net,/V151,t,t
,net,/Vinp,t,t
,net,/Vinm,t,t
D1,expr,(v("/V11" ?result "tran") + v("/V31" ?result "tran") + v("/V51" ?result "tran") + v("/V71" ?result "tran") + v("/V91" ?result "tran") + v("/V111" ?result "tran") + v("/V131" ?result "tran") + v("/V151" ?result "tran")),t,
D2,expr,(v("/V21" ?result "tran") + v("/V31" ?result "tran") + v("/V61" ?result "tran") + v("/V71" ?result "tran") + v("/V101" ?result "tran") + v("/V111" ?result "tran") + v("/V141" ?result "tran") + v("/V151" ?result "tran")),t,
D3,expr,(v("/V41" ?result "tran") + v("/V51" ?result "tran") + v("/V61" ?result "tran") + v("/V71" ?result "tran") + v("/V121" ?result "tran") + v("/V131" ?result "tran") + v("/V141" ?result "tran") + v("/V151" ?result "tran")),t,
D4,expr,(v("/V81" ?result "tran") + v("/V91" ?result "tran") + v("/V101" ?result "tran") + v("/V111" ?result "tran") + v("/V121" ?result "tran") + v("/V131" ?result "tran") + v("/V141" ?result "tran") + v("/V151" ?result "tran")),t,
,net,/net44,t,
,net,/net80,t,
,net,/net82,t,
,net,/net84,t,
,net,/net86,t,
,net,/net88,t,
,net,/net90,t,
,net,/net92,t,
,net,/net94,t,
,net,/net96,t,
,net,/net98,t,
,net,/net100,t,
,net,/net102,t,
,net,/net104,t,
,net,/net106,t,
,net,/A4,t,
,net,/A3,t,
,net,/A2,t,
,net,/A1,t,
B1,expr,((v("/V11" ?result "tran") * (0.9 - v("/V21" ?result "tran"))) + (v("/V31" ?result "tran") * (0.9 - v("/V41" ?result "tran"))) + (v("/V51" ?result "tran") * (0.9 - v("/V61" ?result "tran"))) + (v("/V71" ?result "tran") * (0.9 - v("/V81" ?result "tran"))) + (v("/V91" ?result "tran") * (0.9 - v("/V101" ?result "tran"))) + (v("/V111" ?result "tran") * (0.9 - v("/V121" ?result "tran"))) + (v("/V131" ?result "tran") * (0.9 - v("/V141" ?result "tran"))) + v("/V151" ?result "tran")),t,t
B2,expr,((v("/V21" ?result "tran") * (0.9 - v("/V31" ?result "tran"))) + (v("/V31" ?result "tran") * (0.9 - v("/V41" ?result "tran"))) + (v("/V61" ?result "tran") * (0.9 - v("/V71" ?result "tran"))) + (v("/V71" ?result "tran") * (0.9 - v("/V81" ?result "tran"))) + (v("/V101" ?result "tran") * (0.9 - v("/V111" ?result "tran"))) + (v("/V111" ?result "tran") * (0.9 - v("/V121" ?result "tran"))) + (v("/V141" ?result "tran") * (0.9 - v("/V151" ?result "tran"))) + v("/V151" ?result "tran")),t,t
B3,expr,((v("/V41" ?result "tran") * (0.9 - v("/V51" ?result "tran"))) + (v("/V51" ?result "tran") * (0.9 - v("/V61" ?result "tran"))) + (v("/V61" ?result "tran") * (0.9 - v("/V71" ?result "tran"))) + (v("/V71" ?result "tran") * (0.9 - v("/V81" ?result "tran"))) + (v("/V121" ?result "tran") * (0.9 - v("/V131" ?result "tran"))) + (v("/V131" ?result "tran") * (0.9 - v("/V141" ?result "tran"))) + (v("/V141" ?result "tran") * (0.9 - v("/V151" ?result "tran"))) + v("/V151" ?result "tran")),t,t
B4,expr,((v("/V81" ?result "tran") * (0.9 - v("/V91" ?result "tran"))) + (v("/V91" ?result "tran") * (0.9 - v("/V101" ?result "tran"))) + (v("/V101" ?result "tran") * (0.9 - v("/V111" ?result "tran"))) + (v("/V111" ?result "tran") * (0.9 - v("/V121" ?result "tran"))) + (v("/V121" ?result "tran") * (0.9 - v("/V131" ?result "tran"))) + (v("/V131" ?result "tran") * (0.9 - v("/V141" ?result "tran"))) + (v("/V141" ?result "tran") * (0.9 - v("/V151" ?result "tran"))) + v("/V151" ?result "tran")),t,t
